index,x1,y1,x2,y2,accuracy
1,37.507491,139.931477,37.507501,139.931487,1
2,37.507501,139.931487,37.507511,139.931497,0.5
3,37.507511,139.931497,37.507521,139.931507,0.2
4,37.507521,139.931507,37.507531,139.931517,0
